ReaderName, BookTitle
Roman,Chemp
Romano,Chemp
Romannn,Chemp
Roman,Chemp
Romano,Chemp
Romannn,Chemp
Roman,Chemp
Romano,Chemp
Romannn,Chemp
Roman,Chemp
Roman,Chemp
Roman,Chemp
Roman,Chemp
Roman,Chemp
Roman,Chemp
Roman,Chemp
Roman,Chemp
Roman,Chemp
Roman,Chemp
Roman,Chemp
Roman,Chemp
Roman,Chemp
Roman,Chemp
Roman,Chemp
Roman,Chemp
Roman,Chemp
Roman,Chemp
Roman,Chemp
Roman,Chemp
Roman,Chemp
Roman,Chemp
Roman,Chemp
Roman,Chemp
Roman,Chemp
Roman,Chemp
Roman,Chemp
Roman,Chemp
Roman,Chemp
Roman,Chemp
Roman,Chemp
Roman,Chemp
Roman,Chemp
Roman,Chemp
Roman,Chemp
Roman,Chemp
Roman,Chemp
Roman,Chemp
Roman,Leviafan
Roman,The Death of Achilles
Roman,Chemp
Roman,Chemp
Roman,Chemp
Roman,Chemp
Roman,Chemp
Roman,Chemp
Roman,Chemp
Roman,Chemp
Roman,Chemp
Roman,Chemp
Roman,The Death of Achilles
Roman,The Death of Achilles
Roman,The Death of Achilles
Roman,The Death of Achilles
Roman,The Death of Achilles
Roman,The Death of Achilles
Roman,The Death of Achilles
Roman,The Death of Achilles
Roman,The Death of Achilles
Roman,The Death of Achilles
Roman,The Death of Achilles
Roman,The Death of Achilles
Roman,The Death of Achilles
Roman,The Death of Achilles
Roman,The Death of Achilles
Roman,The Death of Achilles
Roman,The Death of Achilles
Roman,The Death of Achilles
Roman,The Death of Achilles
Roman,The Death of Achilles
Roman,The Death of Achilles
Roman,The Death of Achilles
Roman,The Death of Achilles
Roman,The Death of Achilles
Roman,The Death of Achilles
Roman,The Death of Achilles
Roman,The Death of Achilles
Roman,The Death of Achilles
Roman,The Death of Achilles
Roman,The Death of Achilles
Roman,The Death of Achilles
Roman,The Death of Achilles
Roman,The Death of Achilles
Roman,The Death of Achilles
Roman,The Death of Achilles
Roman,The Death of Achilles
Roman,The Death of Achilles
Roman,The Death of Achilles
Roman,The Death of Achilles
Roman,The Death of Achilles
Roman,The Death of Achilles
Roman,The Death of Achilles
Roman,The Death of Achilles
Roman,The Death of Achilles
Roman,The Death of Achilles
Roman,The Death of Achilles
Roman,The Death of Achilles
Roman,The Death of Achilles
Roman,The Death of Achilles
Roman,The Death of Achilles
Roman,The Death of Achilles
Roman,The Death of Achilles
Roman,The Death of Achilles
Roman,The Death of Achilles
Roman,The Death of Achilles
Roman,The Death of Achilles
Roman,The Death of Achilles
Roman,The Death of Achilles
Roman,The Death of Achilles
Roman,The Death of Achilles
Roman,The Death of Achilles
Roman,The Death of Achilles
Roman,The Death of Achilles
Roman,The Death of Achilles
Roman,The Death of Achilles
Roman,The Death of Achilles
Roman,The Death of Achilles
Roman,The Death of Achilles
Roman,The Death of Achilles
Roman,The Death of Achilles
Roman,The Death of Achilles
Roman,The Death of Achilles
Roman,The Death of Achilles
Roman,The Death of Achilles
Roman,The Death of Achilles
Roman,The Death of Achilles
Roman,The Death of Achilles
Roman,The Death of Achilles
Roman,The Death of Achilles
Roman,The Death of Achilles
Roman,The Death of Achilles
Roman,The Death of Achilles
Roman,The Death of Achilles
Roman,The Death of Achilles
Roman,The Death of Achilles
Roman,The Death of Achilles
Roman,The Death of Achilles
Roman,The Death of Achilles
Roman,The Death of Achilles
Roman,The Death of Achilles
Roman,The Death of Achilles
Roman,The Death of Achilles
Roman,The Death of Achilles
Roman,The Death of Achilles
Roman,The Death of Achilles
Roman,The Death of Achilles
Roman,The Death of Achilles
Roman,The Death of Achilles
Roman,The Death of Achilles
Roman,The Death of Achilles
Roman,The Death of Achilles
Roman,The Death of Achilles
Roman,The Death of Achilles
Roman,The Death of Achilles
Roman,The Death of Achilles
Roman,The Death of Achilles
Roman,The Death of Achilles
Roman,The Death of Achilles
Roman,The Death of Achilles
Roman,The Death of Achilles
Roman,The Death of Achilles
Roman,The Death of Achilles
Roman,The Death of Achilles
Roman,The Death of Achilles
Roman,The Death of Achilles
Roman,The Death of Achilles
Roman,The Death of Achilles
Roman,The Death of Achilles
Roman,The Death of Achilles
Roman,The Death of Achilles
Roman,The Death of Achilles
Roman,The Death of Achilles
Roman,The Death of Achilles
Roman,The Death of Achilles
Roman,The Death of Achilles
Roman,The Death of Achilles
Roman,The Death of Achilles
Roman,The Death of Achilles
Roman,The Death of Achilles
Roman,The Death of Achilles
Roman,The Death of Achilles
Roman,The Death of Achilles
Roman,The Death of Achilles
Roman,The Death of Achilles
Roman,The Death of Achilles
Roman,The Death of Achilles
Roman,The Death of Achilles
Roman,The Death of Achilles
Roman,The Death of Achilles
Roman,The Death of Achilles
Roman,The Death of Achilles
Roman,The Death of Achilles
Roman,The Death of Achilles
Roman,The Death of Achilles
Roman,The Death of Achilles
Roman,The Death of Achilles
Roman,The Death of Achilles
Roman,The Death of Achilles
Roman,The Death of Achilles
Roman,The Death of Achilles
Roman,The Death of Achilles
Roman,The Death of Achilles
Roman,The Death of Achilles
Roman,The Death of Achilles
Roman,The Death of Achilles
Roman,The Death of Achilles
Roman,The Death of Achilles
Roman,The Death of Achilles
Roman,The Death of Achilles
Roman,The Death of Achilles
Roman,The Death of Achilles
Roman,The Death of Achilles
Roman,The Death of Achilles
